<?xml version="1.0" encoding="UTF-8"?><WMS_Capabilities xmlns:inspire_vs="http://inspire.ec.europa.eu/schemas/inspire_vs/1.0" xmlns:inspire_common="http://inspire.ec.europa.eu/schemas/common/1.0" version="1.3.0" updateSequence="0" xmlns="http://www.opengis.net/wms" xmlns:xlink="http://www.w3.org/1999/xlink" xmlns:xsi="http://www.w3.org/2001/XMLSchema-instance" xsi:schemaLocation="http://www.opengis.net/wms https://cdc.dwd.de:443/geoserver/schemas/wms/1.3.0/capabilities_1_3_0.xsd http://inspire.ec.europa.eu/schemas/inspire_vs/1.0 http://inspire.ec.europa.eu/schemas/inspire_vs/1.0/inspire_vs.xsd">
  <Service>
    <Name>WMS</Name>
    <Title>DWD GeoServer WMS</Title>
    <Abstract>This is the Web Map Server of DWD.</Abstract>
    <KeywordList>
      <Keyword>climatology</Keyword>
    </KeywordList>
    <OnlineResource xlink:type="simple" xlink:href="https://cdc.dwd.de:443/geoserver/"/>
    <ContactInformation>
      <ContactPersonPrimary>
        <ContactPerson/>
        <ContactOrganization/>
      </ContactPersonPrimary>
      <ContactPosition/>
      <ContactAddress>
        <AddressType/>
        <Address/>
        <City/>
        <StateOrProvince/>
        <PostCode/>
        <Country/>
      </ContactAddress>
      <ContactVoiceTelephone/>
      <ContactFacsimileTelephone/>
      <ContactElectronicMailAddress/>
    </ContactInformation>
    <Fees>none</Fees>
    <AccessConstraints>http://www.dwd.de/DE/service/copyright/copyright_node.html</AccessConstraints>
  </Service>
  <Capability>
    <Request>
      <GetCapabilities>
        <Format>text/xml</Format>
        <DCPType>
          <HTTP>
            <Get>
              <OnlineResource xlink:type="simple" xlink:href="https://cdc.dwd.de:443/geoserver/CDC/VGSL_TXK_MN004/ows?SERVICE=WMS&amp;"/>
            </Get>
            <Post>
              <OnlineResource xlink:type="simple" xlink:href="https://cdc.dwd.de:443/geoserver/CDC/VGSL_TXK_MN004/ows?SERVICE=WMS&amp;"/>
            </Post>
          </HTTP>
        </DCPType>
      </GetCapabilities>
      <GetMap>
        <Format>image/png</Format>
        <Format>application/atom+xml</Format>
        <Format>application/json;type=utfgrid</Format>
        <Format>application/pdf</Format>
        <Format>application/rss+xml</Format>
        <Format>application/vnd.google-earth.kml+xml</Format>
        <Format>application/vnd.google-earth.kml+xml;mode=networklink</Format>
        <Format>application/vnd.google-earth.kmz</Format>
        <Format>image/geotiff</Format>
        <Format>image/geotiff8</Format>
        <Format>image/gif</Format>
        <Format>image/jpeg</Format>
        <Format>image/png; mode=8bit</Format>
        <Format>image/svg+xml</Format>
        <Format>image/tiff</Format>
        <Format>image/tiff8</Format>
        <Format>image/vnd.jpeg-png</Format>
        <Format>text/html; subtype=openlayers</Format>
        <DCPType>
          <HTTP>
            <Get>
              <OnlineResource xlink:type="simple" xlink:href="https://cdc.dwd.de:443/geoserver/CDC/VGSL_TXK_MN004/ows?SERVICE=WMS&amp;"/>
            </Get>
          </HTTP>
        </DCPType>
      </GetMap>
      <GetFeatureInfo>
        <Format>text/plain</Format>
        <Format>application/vnd.ogc.gml</Format>
        <Format>text/xml</Format>
        <Format>application/vnd.ogc.gml/3.1.1</Format>
        <Format>text/xml; subtype=gml/3.1.1</Format>
        <Format>text/html</Format>
        <Format>text/javascript</Format>
        <Format>application/json</Format>
        <DCPType>
          <HTTP>
            <Get>
              <OnlineResource xlink:type="simple" xlink:href="https://cdc.dwd.de:443/geoserver/CDC/VGSL_TXK_MN004/ows?SERVICE=WMS&amp;"/>
            </Get>
          </HTTP>
        </DCPType>
      </GetFeatureInfo>
    </Request>
    <Exception>
      <Format>XML</Format>
      <Format>INIMAGE</Format>
      <Format>BLANK</Format>
      <Format>JSON</Format>
      <Format>JSONP</Format>
    </Exception>
    <Layer>
      <Title>DWD GeoServer WMS</Title>
      <Abstract>This is the Web Map Server of DWD.</Abstract>
      <!--Limited list of EPSG projections:-->
      <CRS>EPSG:25832</CRS>
      <CRS>EPSG:25833</CRS>
      <CRS>EPSG:3044</CRS>
      <CRS>EPSG:3045</CRS>
      <CRS>EPSG:31467</CRS>
      <CRS>EPSG:31468</CRS>
      <CRS>EPSG:3857</CRS>
      <CRS>EPSG:4258</CRS>
      <CRS>EPSG:4326</CRS>
      <CRS>EPSG:4839</CRS>
      <CRS>CRS:84</CRS>
      <EX_GeographicBoundingBox>
        <westBoundLongitude>5.8453</westBoundLongitude>
        <eastBoundLongitude>15.9202</eastBoundLongitude>
        <southBoundLatitude>47.3986</southBoundLatitude>
        <northBoundLatitude>55.011</northBoundLatitude>
      </EX_GeographicBoundingBox>
      <BoundingBox CRS="CRS:84" minx="5.8453" miny="47.3986" maxx="15.9202" maxy="55.011"/>
      <Layer>
        <Name>climate</Name>
        <Title>climate</Title>
        <Layer>
          <Name>observations</Name>
          <Title>observations</Title>
          <Layer>
            <Name>germany</Name>
            <Title>germany</Title>
            <Layer>
              <Name>daily</Name>
              <Title>daily</Title>
              <Layer queryable="1" opaque="0">
                <Name>VGSL_TXK_MN004</Name>
                <Title>Tagliche Stationsdaten Lufttemperatur (Maximum) in ?C (2m Hohe)</Title>
                <Abstract>Die Klimadaten stammen aus den Stationsmessnetzen des Deutschen Wetterdienstes, die regelma?ig um aktuelle, und um
nacherfasste historische Daten erganzt werden. Seit 1997 werden die Klimadaten operationell in die zentrale MIRAKEL-Datenbank
importiert und archiviert, siehe Behrendt et al., 2011, und Kaspar et al., 2013. Genauere Angaben zu den aktuellen Beobachtungsund
Messverfahren siehe VuB 3 Beobachterhandbuch (DWD, 2014a), VuB 3 Technikerhandbuch (DWD, 2014b) und VuB 2
Wetterschlusselhandbuch (DWD, 2013). In fruheren Zeiten wurden die operationellen Prozeduren (Beobachtungs- und Messverfahren,
Beobachtungszeiten und Mittelungsverfahren) von den damalig verantwortlichen Behorden ausgegeben (siehe z.B. Freydank,
2014), und sind moglicherweise in den historischen Metadaten nicht vollstandig erfasst. Wie in Kaspar et al., 2013 erklart, waren
fruher verschiedene meteorologische Organisationen auf dem Gebiet des heutigen Deutschlands aktiv. Nach der Grundung der
International Meteorological Organization (IMO) in 1873, wurden die verschiedenen Standards schrittweise angeglichen, ab 1936 galt
ein gemeinsamer Standard. Nach 1945 entwickelten sich die Standards in Ost- und Westdeutschland unterschiedlich, und wurden nach
der Wiedervereinigung 1990 wieder harmonisiert. Im Zeitraum zwischen Ende der neunziger Jahre und 2009 wurden viele Stationen
von manuell auf automatisiert umgestellt. Die Details zu den operationellen Messprozeduren sind in den Metadaten erfasst, aber
konnen fur die historischen Zeitraume unvollstandig sein.</Abstract>
                <KeywordList>
                  <Keyword vocabulary="Statistische Bearbeitung">Zeitreihe</Keyword>
                  <Keyword vocabulary="GEMET - INSPIRE Themen, version 1.0">Meteorologisch-geografische Kennwerte</Keyword>
                  <Keyword vocabulary="GEMET - INSPIRE Themen, version 1.0">Atmospharische Bedingungen</Keyword>
                  <Keyword vocabulary="Geographische Region">Deutschland</Keyword>
                  <Keyword vocabulary="Geoserver Dimension Zeit -Auflosung">1 Tag</Keyword>
                  <Keyword vocabulary="User Styled Layer Descriptors v1.0.0">temperature_cm[-20;40;2]_ptz</Keyword>
                  <Keyword vocabulary="Aktualisierungsfrequenz">taeglich</Keyword>
                  <Keyword vocabulary="Parameter">Temperatur auf Hohe der Wetterstation</Keyword>
                  <Keyword vocabulary="Parameterklasse">Lufttemperatur</Keyword>
                  <Keyword vocabulary="Vertikale Auflosung">bodennahe Atmosphare</Keyword>
                  <Keyword vocabulary="Einheit">?C</Keyword>
                  <Keyword vocabulary="Zeitliche Auflosung">taglich</Keyword>
                  <Keyword vocabulary="European Petroleum Survey Group (EPSG) Geodetic Parameter Registry">4258</Keyword>
                  <Keyword vocabulary="Metadata Maintenance">CDC/Revision</Keyword>
                  <Keyword vocabulary="Datenherkunft">Stationsdaten</Keyword>
                  <Keyword vocabulary="Copyright">CDC/Nutzungsbedingungen</Keyword>
                  <Keyword vocabulary="Vertikale Auflosung">2m uber Erdboden</Keyword>
                  <Keyword vocabulary="Statistische Bearbeitung">Tagesmaximum</Keyword>
                  <Keyword vocabulary="OpenGIS CRS Authorities">EPSG</Keyword>
                </KeywordList>
                <CRS>EPSG:4326</CRS>
                <CRS>CRS:84</CRS>
                <EX_GeographicBoundingBox>
                  <westBoundLongitude>5.8453</westBoundLongitude>
                  <eastBoundLongitude>15.9202</eastBoundLongitude>
                  <southBoundLatitude>47.3986</southBoundLatitude>
                  <northBoundLatitude>55.011</northBoundLatitude>
                </EX_GeographicBoundingBox>
                <BoundingBox CRS="CRS:84" minx="5.8453" miny="47.3986" maxx="15.9202" maxy="55.011"/>
                <BoundingBox CRS="EPSG:4326" minx="47.3986" miny="5.8453" maxx="55.011" maxy="15.9202"/>
                <Dimension name="time" default="2018-08-01T00:00:00Z" units="ISO8601">1824-01-01T00:00:00.000Z/2018-08-01T00:00:00.000Z/P1D</Dimension>
                <MetadataURL type="19139">
                  <Format>text/plain</Format>
                  <OnlineResource xlink:type="simple" xlink:href="https://cdc.dwd.de/sdi/pid/TXK_MN004/ISO_TXK_MN004.xml"/>
                </MetadataURL>
                <Style>
                  <Name>CDC:temperature_cm[-20;40;2]_ptz</Name>
                  <Title>temperature</Title>
                  <Abstract>Multicolor gradient for temperature in Celsius (based on dwd weather app)</Abstract>
                  <LegendURL width="67" height="100">
                    <Format>image/png</Format>
                    <OnlineResource xmlns:xlink="http://www.w3.org/1999/xlink" xlink:type="simple" xlink:href="https://cdc.dwd.de:443/geoserver/CDC/VGSL_TXK_MN004/ows?service=WMS&amp;request=GetLegendGraphic&amp;format=image%2Fpng&amp;width=20&amp;height=20&amp;layer=VGSL_TXK_MN004"/>
                  </LegendURL>
                </Style>
                <Style>
                  <Name>CDC:temperature_cm[-20;40;2]_ptz</Name>
                  <Title>temperature</Title>
                  <Abstract>Multicolor gradient for temperature in Celsius (based on dwd weather app)</Abstract>
                  <LegendURL width="67" height="100">
                    <Format>image/png</Format>
                    <OnlineResource xmlns:xlink="http://www.w3.org/1999/xlink" xlink:type="simple" xlink:href="https://cdc.dwd.de:443/geoserver/CDC/VGSL_TXK_MN004/ows?service=WMS&amp;request=GetLegendGraphic&amp;format=image%2Fpng&amp;width=20&amp;height=20&amp;layer=VGSL_TXK_MN004&amp;style=temperature_cm%5B-20%3B40%3B2%5D_ptz"/>
                  </LegendURL>
                </Style>
                <MaxScaleDenominator>5.0E7</MaxScaleDenominator>
              </Layer>
            </Layer>
          </Layer>
        </Layer>
      </Layer>
    </Layer>
  </Capability>
</WMS_Capabilities>
